Title,Media URL,Pinterest board,Thumbnail,Description,Link,Publish date,Keywords
"Cat Litter Tracking Everywhere?","https://catproblemsolver.com/promo/litter-tracking-everywhere/pins/pin-01.png","Cat Litter Box Fixes",,"A practical fix for cat litter tracking everywhere, with what to buy first and what to skip. This page contains Amazon affiliate links. #ad","https://catproblemsolver.com/problems/litter-box/litter-tracking-everywhere/?utm_source=pinterest&utm_medium=social&utm_campaign=cat_problem_promo&utm_content=litter-tracking-everywhere-pin-01","","cat litter tracking, litter mat, litter stuck in cat paws, cat litter cleanup, litter box tips"
"Stop Litter Before It Hits the Bed","https://catproblemsolver.com/promo/litter-tracking-everywhere/pins/pin-02.png","Cat Litter Box Fixes",,"Cat litter tracking setup for floors, hallways, and bedding, with a compact product checklist. #ad","https://catproblemsolver.com/problems/litter-box/litter-tracking-everywhere/?utm_source=pinterest&utm_medium=social&utm_campaign=cat_problem_promo&utm_content=litter-tracking-everywhere-pin-02","","cat litter tracking, litter mat, litter stuck in cat paws, cat litter cleanup, litter box tips"
"Do Not Buy the Tiny Mat First","https://catproblemsolver.com/promo/litter-tracking-everywhere/pins/pin-03.png","Cat Litter Box Fixes",,"What to buy first when cat litter tracks everywhere: mat, litter, paw wipes, and cleanup tools. #ad","https://catproblemsolver.com/problems/litter-box/litter-tracking-everywhere/?utm_source=pinterest&utm_medium=social&utm_campaign=cat_problem_promo&utm_content=litter-tracking-everywhere-pin-03","","cat litter tracking, litter mat, litter stuck in cat paws, cat litter cleanup, litter box tips"
"Cat Scratching the Couch?","https://catproblemsolver.com/promo/cat-scratching-couch/pins/pin-01.png","Cat Scratching Fixes",,"A practical setup to stop cat scratching on couch corners and sofa arms, with what to buy first and what to skip. This page contains Amazon affiliate links. #ad","https://catproblemsolver.com/problems/scratching/cat-scratching-couch/?utm_source=pinterest&utm_medium=social&utm_campaign=cat_problem_promo&utm_content=cat-scratching-couch-pin-01","","cat scratching couch, stop cat scratching sofa, couch protector for cats, cat scratcher placement, cat claw care"
"Do Not Hide the Scratcher","https://catproblemsolver.com/promo/cat-scratching-couch/pins/pin-02.png","Cat Scratching Fixes",,"Stop cat scratching on the sofa by matching the scratching angle and protecting the target zone while the new habit sticks. #ad","https://catproblemsolver.com/problems/scratching/cat-scratching-couch/?utm_source=pinterest&utm_medium=social&utm_campaign=cat_problem_promo&utm_content=cat-scratching-couch-pin-02","","cat scratching couch, stop cat scratching sofa, couch protector for cats, cat scratcher placement, cat claw care"
"Protect the Sofa Without Making It Weird","https://catproblemsolver.com/promo/cat-scratching-couch/pins/pin-03.png","Cat Scratching Fixes",,"Couch protector for cats plus the scratcher placement logic that actually matters. Full checklist on Cat Problem Solver. #ad","https://catproblemsolver.com/problems/scratching/cat-scratching-couch/?utm_source=pinterest&utm_medium=social&utm_campaign=cat_problem_promo&utm_content=cat-scratching-couch-pin-03","","cat scratching couch, stop cat scratching sofa, couch protector for cats, cat scratcher placement, cat claw care"
"Litter Box Smell in a Small Home?","https://catproblemsolver.com/promo/litter-box-smell-small-home/pins/pin-01.png","Cat Litter Box Fixes",,"A practical odor-control setup for litter box smell in a small home, with what to buy first and what to skip. This page contains Amazon affiliate links. #ad","https://catproblemsolver.com/problems/litter-box/litter-box-smell-small-home/?utm_source=pinterest&utm_medium=social&utm_campaign=cat_problem_promo&utm_content=litter-box-smell-small-home-pin-01","","litter box smell small home, cat box smell even when clean, litter odor setup, cat urine smell cleaner, litter pail"
"Do Not Buy Air Freshener First","https://catproblemsolver.com/promo/litter-box-smell-small-home/pins/pin-02.png","Cat Litter Box Fixes",,"How to reduce litter box odor in a small room with a source-first setup. Full checklist on Cat Problem Solver. #ad","https://catproblemsolver.com/problems/litter-box/litter-box-smell-small-home/?utm_source=pinterest&utm_medium=social&utm_campaign=cat_problem_promo&utm_content=litter-box-smell-small-home-pin-02","","litter box smell small home, cat box smell even when clean, litter odor setup, cat urine smell cleaner, litter pail"
"Why the Box Still Smells After Scooping","https://catproblemsolver.com/promo/litter-box-smell-small-home/pins/pin-03.png","Cat Litter Box Fixes",,"A small-home cat litter odor checklist: what to buy first, what to skip, and when it is not just a gear problem. #ad","https://catproblemsolver.com/problems/litter-box/litter-box-smell-small-home/?utm_source=pinterest&utm_medium=social&utm_campaign=cat_problem_promo&utm_content=litter-box-smell-small-home-pin-03","","litter box smell small home, cat box smell even when clean, litter odor setup, cat urine smell cleaner, litter pail"
"Cat Hates the Carrier?","https://catproblemsolver.com/promo/cat-carrier-hates-carrier/pins/pin-01.png","Cat Carrier and Vet Trip Fixes",,"A practical carrier setup for cats that hate carriers, with what to buy first and what to skip before a vet trip. This page contains Amazon affiliate links. #ad","https://catproblemsolver.com/problems/travel-carriers/cat-carrier-hates-carrier/?utm_source=pinterest&utm_medium=social&utm_campaign=cat_problem_promo&utm_content=cat-carrier-hates-carrier-pin-01","2026-08-06T15:00:00","cat carrier for cats that hate carriers, anxious cat vet carrier, cat will not go in carrier, top load cat carrier, carrier training cat"
"Stop the Carrier Chase","https://catproblemsolver.com/promo/cat-carrier-hates-carrier/pins/pin-02.png","Cat Carrier and Vet Trip Fixes",,"How to help an anxious cat accept a carrier with a top-load setup, treats, scent prep, and a 10-day reset. #ad","https://catproblemsolver.com/problems/travel-carriers/cat-carrier-hates-carrier/?utm_source=pinterest&utm_medium=social&utm_campaign=cat_problem_promo&utm_content=cat-carrier-hates-carrier-pin-02","2026-08-07T15:00:00","cat carrier for cats that hate carriers, anxious cat vet carrier, cat will not go in carrier, top load cat carrier, carrier training cat"
"Top-Load Carrier First","https://catproblemsolver.com/promo/cat-carrier-hates-carrier/pins/pin-03.png","Cat Carrier and Vet Trip Fixes",,"What carrier to buy for a cat that hates carriers, plus what accessories are actually useful. #ad","https://catproblemsolver.com/problems/travel-carriers/cat-carrier-hates-carrier/?utm_source=pinterest&utm_medium=social&utm_campaign=cat_problem_promo&utm_content=cat-carrier-hates-carrier-pin-03","2026-08-08T15:00:00","cat carrier for cats that hate carriers, anxious cat vet carrier, cat will not go in carrier, top load cat carrier, carrier training cat"
"Cat Water Bowl Mess?","https://catproblemsolver.com/promo/cat-water-bowl-mess/pins/pin-01.png","Cat Feeding and Water Fixes",,"A practical setup for cat water bowl mess, with what to buy first and what to skip. This page contains Amazon affiliate links. #ad","https://catproblemsolver.com/problems/feeding-water/cat-water-bowl-mess/?utm_source=pinterest&utm_medium=social&utm_campaign=cat_problem_promo&utm_content=cat-water-bowl-mess-pin-01","2026-08-09T15:00:00","cat water bowl mess, cat splashes water bowl, cat pushes water bowl, cat fountain cleanup, no spill cat bowl"
"Do Not Buy a Fountain First","https://catproblemsolver.com/promo/cat-water-bowl-mess/pins/pin-02.png","Cat Feeding and Water Fixes",,"How to stop cat water bowl splashes, pushed bowls, and wet floor mess without overbuying gear. #ad","https://catproblemsolver.com/problems/feeding-water/cat-water-bowl-mess/?utm_source=pinterest&utm_medium=social&utm_campaign=cat_problem_promo&utm_content=cat-water-bowl-mess-pin-02","2026-08-10T15:00:00","cat water bowl mess, cat splashes water bowl, cat pushes water bowl, cat fountain cleanup, no spill cat bowl"
"Water Bowl Setup for Messy Cats","https://catproblemsolver.com/promo/cat-water-bowl-mess/pins/pin-03.png","Cat Feeding and Water Fixes",,"Cat water station checklist: mats, bowls, fountains, and what to skip for messy drinkers. #ad","https://catproblemsolver.com/problems/feeding-water/cat-water-bowl-mess/?utm_source=pinterest&utm_medium=social&utm_campaign=cat_problem_promo&utm_content=cat-water-bowl-mess-pin-03","2026-08-11T15:00:00","cat water bowl mess, cat splashes water bowl, cat pushes water bowl, cat fountain cleanup, no spill cat bowl"
